year,import_share_avg
2024,0.31794717106438947
2025,0.3432824592112589
