partner,share0,Q0,P_obs0,tau0,c0
Japan,0.04965680412102544,787478.2900862717,29607.77613309253,0.0288160489847286,28778.493650357137
Mexico,0.10378395474870732,1645849.197719479,27102.117133269603,0.0,27102.117133269603
Canada,0.042334505702733095,671358.2308113175,30887.893460388997,0.0,30887.893460388997
Korea,0.045256429295332905,717695.3126109288,24452.100183197275,0.00012122973503174414,24449.13622089146
EU,0.037841029893287616,600098.8191435438,58386.58732524671,0.02854473277399342,56766.211001613534
China,0.004561263793198211,72334.42175911773,6362.015653002164,0.025557668468284344,6203.46943775879
Rest,0.6820528289356107,10816277.949939637,54735.003211278345,0.0,54735.003211278345
